Campaign,Keyword,Label
SRCH | Caretaker Jobs | Bathinda +50km,hospital,HOSPITAL-INSTITUTION
SRCH | Caretaker Jobs | Bathinda +50km,hospitals,HOSPITAL-INSTITUTION
SRCH | Caretaker Jobs | Bathinda +50km,hospital job,HOSPITAL-INSTITUTION
SRCH | Caretaker Jobs | Bathinda +50km,hospital jobs,HOSPITAL-INSTITUTION
SRCH | Caretaker Jobs | Bathinda +50km,govt hospital,HOSPITAL-INSTITUTION
SRCH | Caretaker Jobs | Bathinda +50km,government hospital,HOSPITAL-INSTITUTION
SRCH | Caretaker Jobs | Bathinda +50km,sarkari hospital,HOSPITAL-INSTITUTION
SRCH | Caretaker Jobs | Bathinda +50km,civil hospital,HOSPITAL-INSTITUTION
SRCH | Caretaker Jobs | Bathinda +50km,military hospital,HOSPITAL-INSTITUTION
SRCH | Caretaker Jobs | Bathinda +50km,cantonment,HOSPITAL-INSTITUTION
SRCH | Caretaker Jobs | Bathinda +50km,cantt,HOSPITAL-INSTITUTION
SRCH | Caretaker Jobs | Bathinda +50km,medical college,HOSPITAL-INSTITUTION
SRCH | Caretaker Jobs | Bathinda +50km,medical,HOSPITAL-INSTITUTION
SRCH | Caretaker Jobs | Bathinda +50km,clinic,HOSPITAL-INSTITUTION
SRCH | Caretaker Jobs | Bathinda +50km,nursing home,HOSPITAL-INSTITUTION
SRCH | Caretaker Jobs | Bathinda +50km,nursing homes,HOSPITAL-INSTITUTION
SRCH | Caretaker Jobs | Bathinda +50km,icu,HOSPITAL-INSTITUTION
SRCH | Caretaker Jobs | Bathinda +50km,emergency room,HOSPITAL-INSTITUTION
SRCH | Caretaker Jobs | Bathinda +50km,operation theatre,HOSPITAL-INSTITUTION
SRCH | Caretaker Jobs | Bathinda +50km,ot technician,HOSPITAL-INSTITUTION
SRCH | Caretaker Jobs | Bathinda +50km,ot assistant,HOSPITAL-INSTITUTION
SRCH | Caretaker Jobs | Bathinda +50km,dialysis,HOSPITAL-INSTITUTION
SRCH | Caretaker Jobs | Bathinda +50km,pathology,HOSPITAL-INSTITUTION
SRCH | Caretaker Jobs | Bathinda +50km,radiology,HOSPITAL-INSTITUTION
SRCH | Caretaker Jobs | Bathinda +50km,x ray,HOSPITAL-INSTITUTION
SRCH | Caretaker Jobs | Bathinda +50km,ultrasound,HOSPITAL-INSTITUTION
SRCH | Caretaker Jobs | Bathinda +50km,sonographer,HOSPITAL-INSTITUTION
SRCH | Caretaker Jobs | Bathinda +50km,pharmacy,HOSPITAL-INSTITUTION
SRCH | Caretaker Jobs | Bathinda +50km,chemist,HOSPITAL-INSTITUTION
SRCH | Caretaker Jobs | Bathinda +50km,medical store,HOSPITAL-INSTITUTION
SRCH | Caretaker Jobs | Bathinda +50km,diagnostic,HOSPITAL-INSTITUTION
SRCH | Caretaker Jobs | Bathinda +50km,lab technician,HOSPITAL-INSTITUTION
SRCH | Caretaker Jobs | Bathinda +50km,disease,HOSPITAL-INSTITUTION
SRCH | Caretaker Jobs | Bathinda +50km,treatment center,HOSPITAL-INSTITUTION
SRCH | Caretaker Jobs | Bathinda +50km,rehabilitation centre,HOSPITAL-INSTITUTION
SRCH | Caretaker Jobs | Bathinda +50km,rehab centre,HOSPITAL-INSTITUTION
SRCH | Caretaker Jobs | Bathinda +50km,ashram,HOSPITAL-INSTITUTION
SRCH | Caretaker Jobs | Bathinda +50km,old age home,HOSPITAL-INSTITUTION
SRCH | Caretaker Jobs | Bathinda +50km,orphanage,HOSPITAL-INSTITUTION
SRCH | Caretaker Jobs | Bathinda +50km,ngos,HOSPITAL-INSTITUTION
SRCH | Caretaker Jobs | Bathinda +50km,ngo,HOSPITAL-INSTITUTION
SRCH | Caretaker Jobs | Bathinda +50km,trust,HOSPITAL-INSTITUTION
SRCH | Caretaker Jobs | Bathinda +50km,sanjeevani,HOSPITAL-INSTITUTION
SRCH | Caretaker Jobs | Bathinda +50km,institution,HOSPITAL-INSTITUTION
SRCH | Caretaker Jobs | Bathinda +50km,corporate,HOSPITAL-INSTITUTION
SRCH | Caretaker Jobs | Bathinda +50km,company job,HOSPITAL-INSTITUTION
SRCH | Caretaker Jobs | Bathinda +50km,office job,HOSPITAL-INSTITUTION
SRCH | Caretaker Jobs | Bathinda +50km,doctor,OTHER-ROLES
SRCH | Caretaker Jobs | Bathinda +50km,mbbs,OTHER-ROLES
SRCH | Caretaker Jobs | Bathinda +50km,bds,OTHER-ROLES
SRCH | Caretaker Jobs | Bathinda +50km,dentist,OTHER-ROLES
SRCH | Caretaker Jobs | Bathinda +50km,dental,OTHER-ROLES
SRCH | Caretaker Jobs | Bathinda +50km,bams,OTHER-ROLES
SRCH | Caretaker Jobs | Bathinda +50km,bhms,OTHER-ROLES
SRCH | Caretaker Jobs | Bathinda +50km,physician,OTHER-ROLES
SRCH | Caretaker Jobs | Bathinda +50km,surgeon,OTHER-ROLES
SRCH | Caretaker Jobs | Bathinda +50km,anesthetist,OTHER-ROLES
SRCH | Caretaker Jobs | Bathinda +50km,anaesthetist,OTHER-ROLES
SRCH | Caretaker Jobs | Bathinda +50km,gnm,OTHER-ROLES
SRCH | Caretaker Jobs | Bathinda +50km,anm,OTHER-ROLES
SRCH | Caretaker Jobs | Bathinda +50km,bsc nursing,OTHER-ROLES
SRCH | Caretaker Jobs | Bathinda +50km,b sc nursing,OTHER-ROLES
SRCH | Caretaker Jobs | Bathinda +50km,post basic,OTHER-ROLES
SRCH | Caretaker Jobs | Bathinda +50km,nursing officer,OTHER-ROLES
SRCH | Caretaker Jobs | Bathinda +50km,staff nurse,OTHER-ROLES
SRCH | Caretaker Jobs | Bathinda +50km,nurse vacancy,OTHER-ROLES
SRCH | Caretaker Jobs | Bathinda +50km,nursing job,OTHER-ROLES
SRCH | Caretaker Jobs | Bathinda +50km,nursing jobs,OTHER-ROLES
SRCH | Caretaker Jobs | Bathinda +50km,nursing college,OTHER-ROLES
SRCH | Caretaker Jobs | Bathinda +50km,nursing admission,OTHER-ROLES
SRCH | Caretaker Jobs | Bathinda +50km,norinor,OTHER-ROLES
SRCH | Caretaker Jobs | Bathinda +50km,cho,OTHER-ROLES
SRCH | Caretaker Jobs | Bathinda +50km,community health officer,OTHER-ROLES
SRCH | Caretaker Jobs | Bathinda +50km,asha worker,OTHER-ROLES
SRCH | Caretaker Jobs | Bathinda +50km,asha,OTHER-ROLES
SRCH | Caretaker Jobs | Bathinda +50km,anganwadi,OTHER-ROLES
SRCH | Caretaker Jobs | Bathinda +50km,anm da,OTHER-ROLES
SRCH | Caretaker Jobs | Bathinda +50km,gnm da,OTHER-ROLES
SRCH | Caretaker Jobs | Bathinda +50km,pharmacist,OTHER-ROLES
SRCH | Caretaker Jobs | Bathinda +50km,d pharmacist,OTHER-ROLES
SRCH | Caretaker Jobs | Bathinda +50km,physiotherapist,OTHER-ROLES
SRCH | Caretaker Jobs | Bathinda +50km,physiotherapy,OTHER-ROLES
SRCH | Caretaker Jobs | Bathinda +50km,physio,OTHER-ROLES
SRCH | Caretaker Jobs | Bathinda +50km,radiographer,OTHER-ROLES
SRCH | Caretaker Jobs | Bathinda +50km,technician,OTHER-ROLES
SRCH | Caretaker Jobs | Bathinda +50km,technicians,OTHER-ROLES
SRCH | Caretaker Jobs | Bathinda +50km,operator,OTHER-ROLES
SRCH | Caretaker Jobs | Bathinda +50km,driver,OTHER-ROLES
SRCH | Caretaker Jobs | Bathinda +50km,drivers,OTHER-ROLES
SRCH | Caretaker Jobs | Bathinda +50km,delivery,OTHER-ROLES
SRCH | Caretaker Jobs | Bathinda +50km,delivery boy,OTHER-ROLES
SRCH | Caretaker Jobs | Bathinda +50km,zomato,OTHER-ROLES
SRCH | Caretaker Jobs | Bathinda +50km,swiggy,OTHER-ROLES
SRCH | Caretaker Jobs | Bathinda +50km,blinkit,OTHER-ROLES
SRCH | Caretaker Jobs | Bathinda +50km,zepto,OTHER-ROLES
SRCH | Caretaker Jobs | Bathinda +50km,dunzo,OTHER-ROLES
SRCH | Caretaker Jobs | Bathinda +50km,amazon,OTHER-ROLES
SRCH | Caretaker Jobs | Bathinda +50km,flipkart,OTHER-ROLES
SRCH | Caretaker Jobs | Bathinda +50km,courier,OTHER-ROLES
SRCH | Caretaker Jobs | Bathinda +50km,loader,OTHER-ROLES
SRCH | Caretaker Jobs | Bathinda +50km,security guard,OTHER-ROLES
SRCH | Caretaker Jobs | Bathinda +50km,security,OTHER-ROLES
SRCH | Caretaker Jobs | Bathinda +50km,bouncer,OTHER-ROLES
SRCH | Caretaker Jobs | Bathinda +50km,guard,OTHER-ROLES
SRCH | Caretaker Jobs | Bathinda +50km,housekeeping,OTHER-ROLES
SRCH | Caretaker Jobs | Bathinda +50km,cleaner,OTHER-ROLES
SRCH | Caretaker Jobs | Bathinda +50km,sweeper,OTHER-ROLES
SRCH | Caretaker Jobs | Bathinda +50km,maid,OTHER-ROLES
SRCH | Caretaker Jobs | Bathinda +50km,maid job,OTHER-ROLES
SRCH | Caretaker Jobs | Bathinda +50km,cooking,OTHER-ROLES
SRCH | Caretaker Jobs | Bathinda +50km,cook,OTHER-ROLES
SRCH | Caretaker Jobs | Bathinda +50km,chef,OTHER-ROLES
SRCH | Caretaker Jobs | Bathinda +50km,kitchen,OTHER-ROLES
SRCH | Caretaker Jobs | Bathinda +50km,receptionist,OTHER-ROLES
SRCH | Caretaker Jobs | Bathinda +50km,data entry,OTHER-ROLES
SRCH | Caretaker Jobs | Bathinda +50km,accountant,OTHER-ROLES
SRCH | Caretaker Jobs | Bathinda +50km,accounts,OTHER-ROLES
SRCH | Caretaker Jobs | Bathinda +50km,cashier,OTHER-ROLES
SRCH | Caretaker Jobs | Bathinda +50km,salesman,OTHER-ROLES
SRCH | Caretaker Jobs | Bathinda +50km,sales,OTHER-ROLES
SRCH | Caretaker Jobs | Bathinda +50km,marketing,OTHER-ROLES
SRCH | Caretaker Jobs | Bathinda +50km,business development,OTHER-ROLES
SRCH | Caretaker Jobs | Bathinda +50km,bde,OTHER-ROLES
SRCH | Caretaker Jobs | Bathinda +50km,telecaller,OTHER-ROLES
SRCH | Caretaker Jobs | Bathinda +50km,telecalling,OTHER-ROLES
SRCH | Caretaker Jobs | Bathinda +50km,customer care executive,OTHER-ROLES
SRCH | Caretaker Jobs | Bathinda +50km,call center,OTHER-ROLES
SRCH | Caretaker Jobs | Bathinda +50km,bpo,OTHER-ROLES
SRCH | Caretaker Jobs | Bathinda +50km,kpo,OTHER-ROLES
SRCH | Caretaker Jobs | Bathinda +50km,it job,OTHER-ROLES
SRCH | Caretaker Jobs | Bathinda +50km,software,OTHER-ROLES
SRCH | Caretaker Jobs | Bathinda +50km,engineer,OTHER-ROLES
SRCH | Caretaker Jobs | Bathinda +50km,engineering,OTHER-ROLES
SRCH | Caretaker Jobs | Bathinda +50km,teacher,OTHER-ROLES
SRCH | Caretaker Jobs | Bathinda +50km,teaching,OTHER-ROLES
SRCH | Caretaker Jobs | Bathinda +50km,tutor,OTHER-ROLES
SRCH | Caretaker Jobs | Bathinda +50km,school,OTHER-ROLES
SRCH | Caretaker Jobs | Bathinda +50km,principal,OTHER-ROLES
SRCH | Caretaker Jobs | Bathinda +50km,clerk,OTHER-ROLES
SRCH | Caretaker Jobs | Bathinda +50km,peon,OTHER-ROLES
SRCH | Caretaker Jobs | Bathinda +50km,helper,OTHER-ROLES
SRCH | Caretaker Jobs | Bathinda +50km,electrician,OTHER-ROLES
SRCH | Caretaker Jobs | Bathinda +50km,plumber,OTHER-ROLES
SRCH | Caretaker Jobs | Bathinda +50km,carpenter,OTHER-ROLES
SRCH | Caretaker Jobs | Bathinda +50km,mason,OTHER-ROLES
SRCH | Caretaker Jobs | Bathinda +50km,mistri,OTHER-ROLES
SRCH | Caretaker Jobs | Bathinda +50km,tailor,OTHER-ROLES
SRCH | Caretaker Jobs | Bathinda +50km,beautician,OTHER-ROLES
SRCH | Caretaker Jobs | Bathinda +50km,hairdresser,OTHER-ROLES
SRCH | Caretaker Jobs | Bathinda +50km,gym trainer,OTHER-ROLES
SRCH | Caretaker Jobs | Bathinda +50km,trainer,OTHER-ROLES
SRCH | Caretaker Jobs | Bathinda +50km,yoga,OTHER-ROLES
SRCH | Caretaker Jobs | Bathinda +50km,farmer,OTHER-ROLES
SRCH | Caretaker Jobs | Bathinda +50km,agriculture,OTHER-ROLES
SRCH | Caretaker Jobs | Bathinda +50km,tractor,OTHER-ROLES
SRCH | Caretaker Jobs | Bathinda +50km,machine operator,OTHER-ROLES
SRCH | Caretaker Jobs | Bathinda +50km,cnc,OTHER-ROLES
SRCH | Caretaker Jobs | Bathinda +50km,welder,OTHER-ROLES
SRCH | Caretaker Jobs | Bathinda +50km,fitter,OTHER-ROLES
SRCH | Caretaker Jobs | Bathinda +50km,factory,OTHER-ROLES
SRCH | Caretaker Jobs | Bathinda +50km,industry,OTHER-ROLES
SRCH | Caretaker Jobs | Bathinda +50km,industrial,OTHER-ROLES
SRCH | Caretaker Jobs | Bathinda +50km,mill,OTHER-ROLES
SRCH | Caretaker Jobs | Bathinda +50km,showroom,OTHER-ROLES
SRCH | Caretaker Jobs | Bathinda +50km,retail,OTHER-ROLES
SRCH | Caretaker Jobs | Bathinda +50km,store,OTHER-ROLES
SRCH | Caretaker Jobs | Bathinda +50km,registration fee,SCAM-FEE-EASY-MONEY
SRCH | Caretaker Jobs | Bathinda +50km,fees,SCAM-FEE-EASY-MONEY
SRCH | Caretaker Jobs | Bathinda +50km,fee,SCAM-FEE-EASY-MONEY
SRCH | Caretaker Jobs | Bathinda +50km,charges,SCAM-FEE-EASY-MONEY
SRCH | Caretaker Jobs | Bathinda +50km,advance,SCAM-FEE-EASY-MONEY
SRCH | Caretaker Jobs | Bathinda +50km,advance salary,SCAM-FEE-EASY-MONEY
SRCH | Caretaker Jobs | Bathinda +50km,loan,SCAM-FEE-EASY-MONEY
SRCH | Caretaker Jobs | Bathinda +50km,no investment,SCAM-FEE-EASY-MONEY
SRCH | Caretaker Jobs | Bathinda +50km,investment,SCAM-FEE-EASY-MONEY
SRCH | Caretaker Jobs | Bathinda +50km,commission,SCAM-FEE-EASY-MONEY
SRCH | Caretaker Jobs | Bathinda +50km,earning,SCAM-FEE-EASY-MONEY
SRCH | Caretaker Jobs | Bathinda +50km,earn money,SCAM-FEE-EASY-MONEY
SRCH | Caretaker Jobs | Bathinda +50km,earn,SCAM-FEE-EASY-MONEY
SRCH | Caretaker Jobs | Bathinda +50km,income,SCAM-FEE-EASY-MONEY
SRCH | Caretaker Jobs | Bathinda +50km,daily income,SCAM-FEE-EASY-MONEY
SRCH | Caretaker Jobs | Bathinda +50km,monthly income,SCAM-FEE-EASY-MONEY
SRCH | Caretaker Jobs | Bathinda +50km,instant,SCAM-FEE-EASY-MONEY
SRCH | Caretaker Jobs | Bathinda +50km,part time earning,SCAM-FEE-EASY-MONEY
SRCH | Caretaker Jobs | Bathinda +50km,work from home,SCAM-FEE-EASY-MONEY
SRCH | Caretaker Jobs | Bathinda +50km,wfh,SCAM-FEE-EASY-MONEY
SRCH | Caretaker Jobs | Bathinda +50km,online job,SCAM-FEE-EASY-MONEY
SRCH | Caretaker Jobs | Bathinda +50km,online jobs,SCAM-FEE-EASY-MONEY
SRCH | Caretaker Jobs | Bathinda +50km,online work,SCAM-FEE-EASY-MONEY
SRCH | Caretaker Jobs | Bathinda +50km,online earning,SCAM-FEE-EASY-MONEY
SRCH | Caretaker Jobs | Bathinda +50km,mobile job,SCAM-FEE-EASY-MONEY
SRCH | Caretaker Jobs | Bathinda +50km,typing job,SCAM-FEE-EASY-MONEY
SRCH | Caretaker Jobs | Bathinda +50km,form filling,SCAM-FEE-EASY-MONEY
SRCH | Caretaker Jobs | Bathinda +50km,ad posting,SCAM-FEE-EASY-MONEY
SRCH | Caretaker Jobs | Bathinda +50km,captcha,SCAM-FEE-EASY-MONEY
SRCH | Caretaker Jobs | Bathinda +50km,reseller,SCAM-FEE-EASY-MONEY
SRCH | Caretaker Jobs | Bathinda +50km,mlm,SCAM-FEE-EASY-MONEY
SRCH | Caretaker Jobs | Bathinda +50km,pyramid,SCAM-FEE-EASY-MONEY
SRCH | Caretaker Jobs | Bathinda +50km,scheme,SCAM-FEE-EASY-MONEY
SRCH | Caretaker Jobs | Bathinda +50km,freelance,SCAM-FEE-EASY-MONEY
SRCH | Caretaker Jobs | Bathinda +50km,freelancing,SCAM-FEE-EASY-MONEY
SRCH | Caretaker Jobs | Bathinda +50km,gig,SCAM-FEE-EASY-MONEY
SRCH | Caretaker Jobs | Bathinda +50km,side income,SCAM-FEE-EASY-MONEY
SRCH | Caretaker Jobs | Bathinda +50km,passive income,SCAM-FEE-EASY-MONEY
SRCH | Caretaker Jobs | Bathinda +50km,no experience needed,SCAM-FEE-EASY-MONEY
SRCH | Caretaker Jobs | Bathinda +50km,no interview,SCAM-FEE-EASY-MONEY
SRCH | Caretaker Jobs | Bathinda +50km,direct joining,SCAM-FEE-EASY-MONEY
SRCH | Caretaker Jobs | Bathinda +50km,guaranteed,SCAM-FEE-EASY-MONEY
SRCH | Caretaker Jobs | Bathinda +50km,fixed salary job,SCAM-FEE-EASY-MONEY
SRCH | Caretaker Jobs | Bathinda +50km,sponsorship,SCAM-FEE-EASY-MONEY
SRCH | Caretaker Jobs | Bathinda +50km,course,TRAINING-COURSE
SRCH | Caretaker Jobs | Bathinda +50km,courses,TRAINING-COURSE
SRCH | Caretaker Jobs | Bathinda +50km,class,TRAINING-COURSE
SRCH | Caretaker Jobs | Bathinda +50km,classes,TRAINING-COURSE
SRCH | Caretaker Jobs | Bathinda +50km,training,TRAINING-COURSE
SRCH | Caretaker Jobs | Bathinda +50km,trainee,TRAINING-COURSE
SRCH | Caretaker Jobs | Bathinda +50km,trainer course,TRAINING-COURSE
SRCH | Caretaker Jobs | Bathinda +50km,institute,TRAINING-COURSE
SRCH | Caretaker Jobs | Bathinda +50km,academy,TRAINING-COURSE
SRCH | Caretaker Jobs | Bathinda +50km,coaching,TRAINING-COURSE
SRCH | Caretaker Jobs | Bathinda +50km,tutorial,TRAINING-COURSE
SRCH | Caretaker Jobs | Bathinda +50km,tutorials,TRAINING-COURSE
SRCH | Caretaker Jobs | Bathinda +50km,books,TRAINING-COURSE
SRCH | Caretaker Jobs | Bathinda +50km,notes,TRAINING-COURSE
SRCH | Caretaker Jobs | Bathinda +50km,pdf,TRAINING-COURSE
SRCH | Caretaker Jobs | Bathinda +50km,syllabus,TRAINING-COURSE
SRCH | Caretaker Jobs | Bathinda +50km,exam,TRAINING-COURSE
SRCH | Caretaker Jobs | Bathinda +50km,exams,TRAINING-COURSE
SRCH | Caretaker Jobs | Bathinda +50km,exam date,TRAINING-COURSE
SRCH | Caretaker Jobs | Bathinda +50km,admit card,TRAINING-COURSE
SRCH | Caretaker Jobs | Bathinda +50km,result,TRAINING-COURSE
SRCH | Caretaker Jobs | Bathinda +50km,results,TRAINING-COURSE
SRCH | Caretaker Jobs | Bathinda +50km,cut off,TRAINING-COURSE
SRCH | Caretaker Jobs | Bathinda +50km,cutoff,TRAINING-COURSE
SRCH | Caretaker Jobs | Bathinda +50km,previous papers,TRAINING-COURSE
SRCH | Caretaker Jobs | Bathinda +50km,question paper,TRAINING-COURSE
SRCH | Caretaker Jobs | Bathinda +50km,sample paper,TRAINING-COURSE
SRCH | Caretaker Jobs | Bathinda +50km,diploma,TRAINING-COURSE
SRCH | Caretaker Jobs | Bathinda +50km,certification,TRAINING-COURSE
SRCH | Caretaker Jobs | Bathinda +50km,certificate course,TRAINING-COURSE
SRCH | Caretaker Jobs | Bathinda +50km,degree,TRAINING-COURSE
SRCH | Caretaker Jobs | Bathinda +50km,college,TRAINING-COURSE
SRCH | Caretaker Jobs | Bathinda +50km,university,TRAINING-COURSE
SRCH | Caretaker Jobs | Bathinda +50km,admission,TRAINING-COURSE
SRCH | Caretaker Jobs | Bathinda +50km,scholarship,TRAINING-COURSE
SRCH | Caretaker Jobs | Bathinda +50km,student,TRAINING-COURSE
SRCH | Caretaker Jobs | Bathinda +50km,students,TRAINING-COURSE
SRCH | Caretaker Jobs | Bathinda +50km,internship,TRAINING-COURSE
SRCH | Caretaker Jobs | Bathinda +50km,intern,TRAINING-COURSE
SRCH | Caretaker Jobs | Bathinda +50km,fresher course,TRAINING-COURSE
SRCH | Caretaker Jobs | Bathinda +50km,learn,TRAINING-COURSE
SRCH | Caretaker Jobs | Bathinda +50km,learning,TRAINING-COURSE
SRCH | Caretaker Jobs | Bathinda +50km,how to become,TRAINING-COURSE
SRCH | Caretaker Jobs | Bathinda +50km,how to apply,TRAINING-COURSE
SRCH | Caretaker Jobs | Bathinda +50km,kya hota hai,TRAINING-COURSE
SRCH | Caretaker Jobs | Bathinda +50km,ka matlab,TRAINING-COURSE
SRCH | Caretaker Jobs | Bathinda +50km,meaning,TRAINING-COURSE
SRCH | Caretaker Jobs | Bathinda +50km,full form,TRAINING-COURSE
SRCH | Caretaker Jobs | Bathinda +50km,information,TRAINING-COURSE
SRCH | Caretaker Jobs | Bathinda +50km,details,TRAINING-COURSE
SRCH | Caretaker Jobs | Bathinda +50km,wikipedia,TRAINING-COURSE
SRCH | Caretaker Jobs | Bathinda +50km,salary after course,TRAINING-COURSE
SRCH | Caretaker Jobs | Bathinda +50km,best institute,TRAINING-COURSE
SRCH | Caretaker Jobs | Bathinda +50km,fee structure,TRAINING-COURSE
SRCH | Caretaker Jobs | Bathinda +50km,hire,SERVICE-SEEKER
SRCH | Caretaker Jobs | Bathinda +50km,hiring service,SERVICE-SEEKER
SRCH | Caretaker Jobs | Bathinda +50km,book,SERVICE-SEEKER
SRCH | Caretaker Jobs | Bathinda +50km,booking,SERVICE-SEEKER
SRCH | Caretaker Jobs | Bathinda +50km,need a,SERVICE-SEEKER
SRCH | Caretaker Jobs | Bathinda +50km,we need,SERVICE-SEEKER
SRCH | Caretaker Jobs | Bathinda +50km,for my father,SERVICE-SEEKER
SRCH | Caretaker Jobs | Bathinda +50km,for my mother,SERVICE-SEEKER
SRCH | Caretaker Jobs | Bathinda +50km,for my parents,SERVICE-SEEKER
SRCH | Caretaker Jobs | Bathinda +50km,for patient,SERVICE-SEEKER
SRCH | Caretaker Jobs | Bathinda +50km,for parents,SERVICE-SEEKER
SRCH | Caretaker Jobs | Bathinda +50km,for old,SERVICE-SEEKER
SRCH | Caretaker Jobs | Bathinda +50km,for baby,SERVICE-SEEKER
SRCH | Caretaker Jobs | Bathinda +50km,for newborn,SERVICE-SEEKER
SRCH | Caretaker Jobs | Bathinda +50km,for child,SERVICE-SEEKER
SRCH | Caretaker Jobs | Bathinda +50km,at home service,SERVICE-SEEKER
SRCH | Caretaker Jobs | Bathinda +50km,home service,SERVICE-SEEKER
SRCH | Caretaker Jobs | Bathinda +50km,home services,SERVICE-SEEKER
SRCH | Caretaker Jobs | Bathinda +50km,services,SERVICE-SEEKER
SRCH | Caretaker Jobs | Bathinda +50km,service provider,SERVICE-SEEKER
SRCH | Caretaker Jobs | Bathinda +50km,providers,SERVICE-SEEKER
SRCH | Caretaker Jobs | Bathinda +50km,provider,SERVICE-SEEKER
SRCH | Caretaker Jobs | Bathinda +50km,agency services,SERVICE-SEEKER
SRCH | Caretaker Jobs | Bathinda +50km,bureau,SERVICE-SEEKER
SRCH | Caretaker Jobs | Bathinda +50km,near me service,SERVICE-SEEKER
SRCH | Caretaker Jobs | Bathinda +50km,on rent,SERVICE-SEEKER
SRCH | Caretaker Jobs | Bathinda +50km,rent,SERVICE-SEEKER
SRCH | Caretaker Jobs | Bathinda +50km,monthly basis,SERVICE-SEEKER
SRCH | Caretaker Jobs | Bathinda +50km,per month rate,SERVICE-SEEKER
SRCH | Caretaker Jobs | Bathinda +50km,per day rate,SERVICE-SEEKER
SRCH | Caretaker Jobs | Bathinda +50km,per day charge,SERVICE-SEEKER
SRCH | Caretaker Jobs | Bathinda +50km,rate,SERVICE-SEEKER
SRCH | Caretaker Jobs | Bathinda +50km,rates,SERVICE-SEEKER
SRCH | Caretaker Jobs | Bathinda +50km,price,SERVICE-SEEKER
SRCH | Caretaker Jobs | Bathinda +50km,prices,SERVICE-SEEKER
SRCH | Caretaker Jobs | Bathinda +50km,pricing,SERVICE-SEEKER
SRCH | Caretaker Jobs | Bathinda +50km,quote,SERVICE-SEEKER
SRCH | Caretaker Jobs | Bathinda +50km,cost,SERVICE-SEEKER
SRCH | Caretaker Jobs | Bathinda +50km,costs,SERVICE-SEEKER
SRCH | Caretaker Jobs | Bathinda +50km,how much,SERVICE-SEEKER
SRCH | Caretaker Jobs | Bathinda +50km,kitna,SERVICE-SEEKER
SRCH | Caretaker Jobs | Bathinda +50km,kharcha,SERVICE-SEEKER
SRCH | Caretaker Jobs | Bathinda +50km,cheap,SERVICE-SEEKER
SRCH | Caretaker Jobs | Bathinda +50km,cheapest,SERVICE-SEEKER
SRCH | Caretaker Jobs | Bathinda +50km,best agency,SERVICE-SEEKER
SRCH | Caretaker Jobs | Bathinda +50km,top agency,SERVICE-SEEKER
SRCH | Caretaker Jobs | Bathinda +50km,compare,SERVICE-SEEKER
SRCH | Caretaker Jobs | Bathinda +50km,reviews,SERVICE-SEEKER
SRCH | Caretaker Jobs | Bathinda +50km,review,SERVICE-SEEKER
SRCH | Caretaker Jobs | Bathinda +50km,rating,SERVICE-SEEKER
SRCH | Caretaker Jobs | Bathinda +50km,complaint,SERVICE-SEEKER
SRCH | Caretaker Jobs | Bathinda +50km,complaints,SERVICE-SEEKER
SRCH | Caretaker Jobs | Bathinda +50km,nri,SERVICE-SEEKER
SRCH | Caretaker Jobs | Bathinda +50km,nri service,SERVICE-SEEKER
SRCH | Caretaker Jobs | Bathinda +50km,for nri,SERVICE-SEEKER
SRCH | Caretaker Jobs | Bathinda +50km,sarkari,GOVT-EXAM
SRCH | Caretaker Jobs | Bathinda +50km,sarkari naukri,GOVT-EXAM
SRCH | Caretaker Jobs | Bathinda +50km,govt naukri,GOVT-EXAM
SRCH | Caretaker Jobs | Bathinda +50km,govt,GOVT-EXAM
SRCH | Caretaker Jobs | Bathinda +50km,govt job,GOVT-EXAM
SRCH | Caretaker Jobs | Bathinda +50km,govt jobs,GOVT-EXAM
SRCH | Caretaker Jobs | Bathinda +50km,government,GOVT-EXAM
SRCH | Caretaker Jobs | Bathinda +50km,government job,GOVT-EXAM
SRCH | Caretaker Jobs | Bathinda +50km,government jobs,GOVT-EXAM
SRCH | Caretaker Jobs | Bathinda +50km,psc,GOVT-EXAM
SRCH | Caretaker Jobs | Bathinda +50km,ppsc,GOVT-EXAM
SRCH | Caretaker Jobs | Bathinda +50km,upsc,GOVT-EXAM
SRCH | Caretaker Jobs | Bathinda +50km,ssc,GOVT-EXAM
SRCH | Caretaker Jobs | Bathinda +50km,railway,GOVT-EXAM
SRCH | Caretaker Jobs | Bathinda +50km,railways,GOVT-EXAM
SRCH | Caretaker Jobs | Bathinda +50km,bank,GOVT-EXAM
SRCH | Caretaker Jobs | Bathinda +50km,banking,GOVT-EXAM
SRCH | Caretaker Jobs | Bathinda +50km,ibps,GOVT-EXAM
SRCH | Caretaker Jobs | Bathinda +50km,sbi,GOVT-EXAM
SRCH | Caretaker Jobs | Bathinda +50km,rbi,GOVT-EXAM
SRCH | Caretaker Jobs | Bathinda +50km,police,GOVT-EXAM
SRCH | Caretaker Jobs | Bathinda +50km,army,GOVT-EXAM
SRCH | Caretaker Jobs | Bathinda +50km,navy,GOVT-EXAM
SRCH | Caretaker Jobs | Bathinda +50km,air force,GOVT-EXAM
SRCH | Caretaker Jobs | Bathinda +50km,defence,GOVT-EXAM
SRCH | Caretaker Jobs | Bathinda +50km,defense,GOVT-EXAM
SRCH | Caretaker Jobs | Bathinda +50km,paramilitary,GOVT-EXAM
SRCH | Caretaker Jobs | Bathinda +50km,crpf,GOVT-EXAM
SRCH | Caretaker Jobs | Bathinda +50km,bsf,GOVT-EXAM
SRCH | Caretaker Jobs | Bathinda +50km,patwari,GOVT-EXAM
SRCH | Caretaker Jobs | Bathinda +50km,panchayat,GOVT-EXAM
SRCH | Caretaker Jobs | Bathinda +50km,gram sachiv,GOVT-EXAM
SRCH | Caretaker Jobs | Bathinda +50km,revenue,GOVT-EXAM
SRCH | Caretaker Jobs | Bathinda +50km,excise,GOVT-EXAM
SRCH | Caretaker Jobs | Bathinda +50km,forest,GOVT-EXAM
SRCH | Caretaker Jobs | Bathinda +50km,board,GOVT-EXAM
SRCH | Caretaker Jobs | Bathinda +50km,notification,GOVT-EXAM
SRCH | Caretaker Jobs | Bathinda +50km,notifications,GOVT-EXAM
SRCH | Caretaker Jobs | Bathinda +50km,result 2026,GOVT-EXAM
SRCH | Caretaker Jobs | Bathinda +50km,result 2025,GOVT-EXAM
SRCH | Caretaker Jobs | Bathinda +50km,syllabus 2026,GOVT-EXAM
SRCH | Caretaker Jobs | Bathinda +50km,apply online last date,GOVT-EXAM
SRCH | Caretaker Jobs | Bathinda +50km,last date,GOVT-EXAM
SRCH | Caretaker Jobs | Bathinda +50km,eligibility,GOVT-EXAM
SRCH | Caretaker Jobs | Bathinda +50km,age limit,GOVT-EXAM
SRCH | Caretaker Jobs | Bathinda +50km,eligibility criteria,GOVT-EXAM
SRCH | Caretaker Jobs | Bathinda +50km,counseling,GOVT-EXAM
SRCH | Caretaker Jobs | Bathinda +50km,merit list,GOVT-EXAM
SRCH | Caretaker Jobs | Bathinda +50km,selection list,GOVT-EXAM
SRCH | Caretaker Jobs | Bathinda +50km,waiting list,GOVT-EXAM
SRCH | Caretaker Jobs | Bathinda +50km,answer key,GOVT-EXAM
SRCH | Caretaker Jobs | Bathinda +50km,nvs,GOVT-EXAM
SRCH | Caretaker Jobs | Bathinda +50km,kvs,GOVT-EXAM
SRCH | Caretaker Jobs | Bathinda +50km,esic,GOVT-EXAM
SRCH | Caretaker Jobs | Bathinda +50km,aiims,GOVT-EXAM
SRCH | Caretaker Jobs | Bathinda +50km,pgimer,GOVT-EXAM
SRCH | Caretaker Jobs | Bathinda +50km,pgi,GOVT-EXAM
SRCH | Caretaker Jobs | Bathinda +50km,bhu,GOVT-EXAM
SRCH | Caretaker Jobs | Bathinda +50km,du,GOVT-EXAM
SRCH | Caretaker Jobs | Bathinda +50km,punjab university,GOVT-EXAM
SRCH | Caretaker Jobs | Bathinda +50km,salary,SALARY-ONLY
SRCH | Caretaker Jobs | Bathinda +50km,salaries,SALARY-ONLY
SRCH | Caretaker Jobs | Bathinda +50km,salary slip,SALARY-ONLY
SRCH | Caretaker Jobs | Bathinda +50km,salary per month,SALARY-ONLY
SRCH | Caretaker Jobs | Bathinda +50km,salary package,SALARY-ONLY
SRCH | Caretaker Jobs | Bathinda +50km,pay scale,SALARY-ONLY
SRCH | Caretaker Jobs | Bathinda +50km,payscale,SALARY-ONLY
SRCH | Caretaker Jobs | Bathinda +50km,scale,SALARY-ONLY
SRCH | Caretaker Jobs | Bathinda +50km,grade pay,SALARY-ONLY
SRCH | Caretaker Jobs | Bathinda +50km,in hand,SALARY-ONLY
SRCH | Caretaker Jobs | Bathinda +50km,take home,SALARY-ONLY
SRCH | Caretaker Jobs | Bathinda +50km,increments,SALARY-ONLY
SRCH | Caretaker Jobs | Bathinda +50km,per month salary,SALARY-ONLY
SRCH | Caretaker Jobs | Bathinda +50km,kitni salary,SALARY-ONLY
SRCH | Caretaker Jobs | Bathinda +50km,tankhwah,SALARY-ONLY
SRCH | Caretaker Jobs | Bathinda +50km,vetan,SALARY-ONLY
SRCH | Caretaker Jobs | Bathinda +50km,majdoori,SALARY-ONLY
SRCH | Caretaker Jobs | Bathinda +50km,minimum wages,SALARY-ONLY
SRCH | Caretaker Jobs | Bathinda +50km,wage,SALARY-ONLY
SRCH | Caretaker Jobs | Bathinda +50km,wages,SALARY-ONLY
SRCH | Caretaker Jobs | Bathinda +50km,salary of,SALARY-ONLY
SRCH | Caretaker Jobs | Bathinda +50km,highest salary,SALARY-ONLY
SRCH | Caretaker Jobs | Bathinda +50km,lowest salary,SALARY-ONLY
SRCH | Caretaker Jobs | Bathinda +50km,average salary,SALARY-ONLY
SRCH | Caretaker Jobs | Bathinda +50km,abroad,OVERSEAS
SRCH | Caretaker Jobs | Bathinda +50km,foreign,OVERSEAS
SRCH | Caretaker Jobs | Bathinda +50km,overseas,OVERSEAS
SRCH | Caretaker Jobs | Bathinda +50km,gulf,OVERSEAS
SRCH | Caretaker Jobs | Bathinda +50km,dubai,OVERSEAS
SRCH | Caretaker Jobs | Bathinda +50km,saudi,OVERSEAS
SRCH | Caretaker Jobs | Bathinda +50km,saudi arabia,OVERSEAS
SRCH | Caretaker Jobs | Bathinda +50km,qatar,OVERSEAS
SRCH | Caretaker Jobs | Bathinda +50km,kuwait,OVERSEAS
SRCH | Caretaker Jobs | Bathinda +50km,oman,OVERSEAS
SRCH | Caretaker Jobs | Bathinda +50km,bahrain,OVERSEAS
SRCH | Caretaker Jobs | Bathinda +50km,malaysia,OVERSEAS
SRCH | Caretaker Jobs | Bathinda +50km,singapore,OVERSEAS
SRCH | Caretaker Jobs | Bathinda +50km,italy,OVERSEAS
SRCH | Caretaker Jobs | Bathinda +50km,germany,OVERSEAS
SRCH | Caretaker Jobs | Bathinda +50km,uk,OVERSEAS
SRCH | Caretaker Jobs | Bathinda +50km,usa,OVERSEAS
SRCH | Caretaker Jobs | Bathinda +50km,america,OVERSEAS
SRCH | Caretaker Jobs | Bathinda +50km,canada,OVERSEAS
SRCH | Caretaker Jobs | Bathinda +50km,australia,OVERSEAS
SRCH | Caretaker Jobs | Bathinda +50km,new zealand,OVERSEAS
SRCH | Caretaker Jobs | Bathinda +50km,japan,OVERSEAS
SRCH | Caretaker Jobs | Bathinda +50km,korea,OVERSEAS
SRCH | Caretaker Jobs | Bathinda +50km,africa,OVERSEAS
SRCH | Caretaker Jobs | Bathinda +50km,ireland,OVERSEAS
SRCH | Caretaker Jobs | Bathinda +50km,portugal,OVERSEAS
SRCH | Caretaker Jobs | Bathinda +50km,croatia,OVERSEAS
SRCH | Caretaker Jobs | Bathinda +50km,romania,OVERSEAS
SRCH | Caretaker Jobs | Bathinda +50km,poland,OVERSEAS
SRCH | Caretaker Jobs | Bathinda +50km,greece,OVERSEAS
SRCH | Caretaker Jobs | Bathinda +50km,malta,OVERSEAS
SRCH | Caretaker Jobs | Bathinda +50km,cyprus,OVERSEAS
SRCH | Caretaker Jobs | Bathinda +50km,israel,OVERSEAS
SRCH | Caretaker Jobs | Bathinda +50km,visa,OVERSEAS
SRCH | Caretaker Jobs | Bathinda +50km,visas,OVERSEAS
SRCH | Caretaker Jobs | Bathinda +50km,work permit,OVERSEAS
SRCH | Caretaker Jobs | Bathinda +50km,work visa,OVERSEAS
SRCH | Caretaker Jobs | Bathinda +50km,immigration,OVERSEAS
SRCH | Caretaker Jobs | Bathinda +50km,immigrate,OVERSEAS
SRCH | Caretaker Jobs | Bathinda +50km,sponsor,OVERSEAS
SRCH | Caretaker Jobs | Bathinda +50km,sponsorship,OVERSEAS
SRCH | Caretaker Jobs | Bathinda +50km,relocation,OVERSEAS
SRCH | Caretaker Jobs | Bathinda +50km,relocate,OVERSEAS
SRCH | Caretaker Jobs | Bathinda +50km,delhi,OVERSEAS
SRCH | Caretaker Jobs | Bathinda +50km,mumbai,OVERSEAS
SRCH | Caretaker Jobs | Bathinda +50km,chennai,OVERSEAS
SRCH | Caretaker Jobs | Bathinda +50km,bangalore,OVERSEAS
SRCH | Caretaker Jobs | Bathinda +50km,bengaluru,OVERSEAS
SRCH | Caretaker Jobs | Bathinda +50km,hyderabad,OVERSEAS
SRCH | Caretaker Jobs | Bathinda +50km,kolkata,OVERSEAS
SRCH | Caretaker Jobs | Bathinda +50km,pune,OVERSEAS
SRCH | Caretaker Jobs | Bathinda +50km,noida,OVERSEAS
SRCH | Caretaker Jobs | Bathinda +50km,gurgaon,OVERSEAS
SRCH | Caretaker Jobs | Bathinda +50km,chandigarh,OVERSEAS
SRCH | Caretaker Jobs | Bathinda +50km,ludhiana,OVERSEAS
SRCH | Caretaker Jobs | Bathinda +50km,amritsar,OVERSEAS
SRCH | Caretaker Jobs | Bathinda +50km,jalandhar,OVERSEAS
SRCH | Caretaker Jobs | Bathinda +50km,patiala,OVERSEAS
SRCH | Caretaker Jobs | Bathinda +50km,mohali,OVERSEAS
SRCH | Caretaker Jobs | Bathinda +50km,haryana,OVERSEAS
SRCH | Caretaker Jobs | Bathinda +50km,himachal,OVERSEAS
SRCH | Caretaker Jobs | Bathinda +50km,rajasthan,OVERSEAS
SRCH | Caretaker Jobs | Bathinda +50km,uttar pradesh,OVERSEAS
SRCH | Caretaker Jobs | Bathinda +50km,bihar,OVERSEAS
SRCH | Caretaker Jobs | Bathinda +50km,goa,OVERSEAS
SRCH | Caretaker Jobs | Bathinda +50km,kerala,OVERSEAS
SRCH | Caretaker Jobs | Bathinda +50km,tamil nadu,OVERSEAS
SRCH | Caretaker Jobs | Bathinda +50km,gujarat,OVERSEAS
SRCH | Caretaker Jobs | Bathinda +50km,maharashtra,OVERSEAS
SRCH | Caretaker Jobs | Bathinda +50km,under 18,MINORS
SRCH | Caretaker Jobs | Bathinda +50km,below 18,MINORS
SRCH | Caretaker Jobs | Bathinda +50km,16 year,MINORS
SRCH | Caretaker Jobs | Bathinda +50km,17 year,MINORS
SRCH | Caretaker Jobs | Bathinda +50km,15 year,MINORS
SRCH | Caretaker Jobs | Bathinda +50km,14 year,MINORS
SRCH | Caretaker Jobs | Bathinda +50km,10th pass student,MINORS
SRCH | Caretaker Jobs | Bathinda +50km,12th pass student,MINORS
SRCH | Caretaker Jobs | Bathinda +50km,school boy,MINORS
SRCH | Caretaker Jobs | Bathinda +50km,school girl,MINORS
SRCH | Caretaker Jobs | Bathinda +50km,college student,MINORS
SRCH | Caretaker Jobs | Bathinda +50km,part time for student,MINORS
SRCH | Caretaker Jobs | Bathinda +50km,for students,MINORS
SRCH | Caretaker Jobs | Bathinda +50km,apollo,COMPETITOR-PORTAL
SRCH | Caretaker Jobs | Bathinda +50km,apollo home,COMPETITOR-PORTAL
SRCH | Caretaker Jobs | Bathinda +50km,portea,COMPETITOR-PORTAL
SRCH | Caretaker Jobs | Bathinda +50km,portea medical,COMPETITOR-PORTAL
SRCH | Caretaker Jobs | Bathinda +50km,nightingales,COMPETITOR-PORTAL
SRCH | Caretaker Jobs | Bathinda +50km,care24,COMPETITOR-PORTAL
SRCH | Caretaker Jobs | Bathinda +50km,emoha,COMPETITOR-PORTAL
SRCH | Caretaker Jobs | Bathinda +50km,samarthan,COMPETITOR-PORTAL
SRCH | Caretaker Jobs | Bathinda +50km,helpage,COMPETITOR-PORTAL
SRCH | Caretaker Jobs | Bathinda +50km,help age,COMPETITOR-PORTAL
SRCH | Caretaker Jobs | Bathinda +50km,age care india,COMPETITOR-PORTAL
SRCH | Caretaker Jobs | Bathinda +50km,anthara,COMPETITOR-PORTAL
SRCH | Caretaker Jobs | Bathinda +50km,khyaal,COMPETITOR-PORTAL
SRCH | Caretaker Jobs | Bathinda +50km,nibrus,COMPETITOR-PORTAL
SRCH | Caretaker Jobs | Bathinda +50km,kITES,COMPETITOR-PORTAL
SRCH | Caretaker Jobs | Bathinda +50km,senior care,COMPETITOR-PORTAL
SRCH | Caretaker Jobs | Bathinda +50km,elder care india,COMPETITOR-PORTAL
SRCH | Caretaker Jobs | Bathinda +50km,naukri com,COMPETITOR-PORTAL
SRCH | Caretaker Jobs | Bathinda +50km,naukri com jobs,COMPETITOR-PORTAL
SRCH | Caretaker Jobs | Bathinda +50km,indeed,COMPETITOR-PORTAL
SRCH | Caretaker Jobs | Bathinda +50km,indeed com,COMPETITOR-PORTAL
SRCH | Caretaker Jobs | Bathinda +50km,linkedin,COMPETITOR-PORTAL
SRCH | Caretaker Jobs | Bathinda +50km,monster com,COMPETITOR-PORTAL
SRCH | Caretaker Jobs | Bathinda +50km,quikr jobs,COMPETITOR-PORTAL
SRCH | Caretaker Jobs | Bathinda +50km,olx jobs,COMPETITOR-PORTAL
SRCH | Caretaker Jobs | Bathinda +50km,apna app,COMPETITOR-PORTAL
SRCH | Caretaker Jobs | Bathinda +50km,job hai,COMPETITOR-PORTAL
SRCH | Caretaker Jobs | Bathinda +50km,sarkari result,COMPETITOR-PORTAL
SRCH | Caretaker Jobs | Bathinda +50km,free job alert,COMPETITOR-PORTAL
SRCH | Caretaker Jobs | Bathinda +50km,freshersworld,COMPETITOR-PORTAL
SRCH | Caretaker Jobs | Bathinda +50km,times jobs,COMPETITOR-PORTAL
SRCH | Caretaker Jobs | Bathinda +50km,glassdoor,COMPETITOR-PORTAL
SRCH | Caretaker Jobs | Bathinda +50km,internshala,COMPETITOR-PORTAL
SRCH | Caretaker Jobs | Bathinda +50km,cutshort,COMPETITOR-PORTAL
SRCH | Caretaker Jobs | Bathinda +50km,dog,MISC-JUNK
SRCH | Caretaker Jobs | Bathinda +50km,dogs,MISC-JUNK
SRCH | Caretaker Jobs | Bathinda +50km,pet,MISC-JUNK
SRCH | Caretaker Jobs | Bathinda +50km,pets,MISC-JUNK
SRCH | Caretaker Jobs | Bathinda +50km,cat,MISC-JUNK
SRCH | Caretaker Jobs | Bathinda +50km,cow,MISC-JUNK
SRCH | Caretaker Jobs | Bathinda +50km,cattle,MISC-JUNK
SRCH | Caretaker Jobs | Bathinda +50km,buffalo,MISC-JUNK
SRCH | Caretaker Jobs | Bathinda +50km,animal,MISC-JUNK
SRCH | Caretaker Jobs | Bathinda +50km,babysitter for my,MISC-JUNK
SRCH | Caretaker Jobs | Bathinda +50km,nanny for my,MISC-JUNK
SRCH | Caretaker Jobs | Bathinda +50km,car,MISC-JUNK
SRCH | Caretaker Jobs | Bathinda +50km,car caretaker,MISC-JUNK
SRCH | Caretaker Jobs | Bathinda +50km,bike,MISC-JUNK
SRCH | Caretaker Jobs | Bathinda +50km,property,MISC-JUNK
SRCH | Caretaker Jobs | Bathinda +50km,property caretaker,MISC-JUNK
SRCH | Caretaker Jobs | Bathinda +50km,society caretaker,MISC-JUNK
SRCH | Caretaker Jobs | Bathinda +50km,building caretaker,MISC-JUNK
SRCH | Caretaker Jobs | Bathinda +50km,estate,MISC-JUNK
SRCH | Caretaker Jobs | Bathinda +50km,farm house,MISC-JUNK
SRCH | Caretaker Jobs | Bathinda +50km,farmhouse,MISC-JUNK
SRCH | Caretaker Jobs | Bathinda +50km,office caretaker,MISC-JUNK
SRCH | Caretaker Jobs | Bathinda +50km,shop caretaker,MISC-JUNK
SRCH | Caretaker Jobs | Bathinda +50km,movie,MISC-JUNK
SRCH | Caretaker Jobs | Bathinda +50km,film,MISC-JUNK
SRCH | Caretaker Jobs | Bathinda +50km,song,MISC-JUNK
SRCH | Caretaker Jobs | Bathinda +50km,video,MISC-JUNK
SRCH | Caretaker Jobs | Bathinda +50km,photo,MISC-JUNK
SRCH | Caretaker Jobs | Bathinda +50km,images,MISC-JUNK
SRCH | Caretaker Jobs | Bathinda +50km,image,MISC-JUNK
SRCH | Caretaker Jobs | Bathinda +50km,wallpaper,MISC-JUNK
SRCH | Caretaker Jobs | Bathinda +50km,quotes,MISC-JUNK
SRCH | Caretaker Jobs | Bathinda +50km,status,MISC-JUNK
SRCH | Caretaker Jobs | Bathinda +50km,whatsapp status,MISC-JUNK
SRCH | Caretaker Jobs | Bathinda +50km,joke,MISC-JUNK
SRCH | Caretaker Jobs | Bathinda +50km,jokes,MISC-JUNK
SRCH | Caretaker Jobs | Bathinda +50km,meme,MISC-JUNK
SRCH | Caretaker Jobs | Bathinda +50km,memes,MISC-JUNK
SRCH | Caretaker Jobs | Bathinda +50km,news,MISC-JUNK
SRCH | Caretaker Jobs | Bathinda +50km,latest news,MISC-JUNK
SRCH | Caretaker Jobs | Bathinda +50km,youtube,MISC-JUNK
SRCH | Caretaker Jobs | Bathinda +50km,instagram,MISC-JUNK
SRCH | Caretaker Jobs | Bathinda +50km,facebook,MISC-JUNK
SRCH | Caretaker Jobs | Bathinda +50km,twitter,MISC-JUNK
SRCH | Caretaker Jobs | Bathinda +50km,app download,MISC-JUNK
SRCH | Caretaker Jobs | Bathinda +50km,apk,MISC-JUNK
SRCH | Caretaker Jobs | Bathinda +50km,mod,MISC-JUNK
SRCH | Caretaker Jobs | Bathinda +50km,game,MISC-JUNK
SRCH | Caretaker Jobs | Bathinda +50km,games,MISC-JUNK
SRCH | Caretaker Jobs | Bathinda +50km,download,MISC-JUNK
SRCH | Caretaker Jobs | Bathinda +50km,business,MISC-JUNK
SRCH | Caretaker Jobs | Bathinda +50km,franchise,MISC-JUNK
SRCH | Caretaker Jobs | Bathinda +50km,distributor,MISC-JUNK
SRCH | Caretaker Jobs | Bathinda +50km,dealer,MISC-JUNK
SRCH | Caretaker Jobs | Bathinda +50km,shop,MISC-JUNK
SRCH | Caretaker Jobs | Bathinda +50km,startup,MISC-JUNK
SRCH | Caretaker Jobs | Bathinda +50km,insurance,MISC-JUNK
SRCH | Caretaker Jobs | Bathinda +50km,loan agent,MISC-JUNK
SRCH | Caretaker Jobs | Bathinda +50km,real estate,MISC-JUNK
SRCH | Caretaker Jobs | Bathinda +50km,plots,MISC-JUNK
SRCH | Caretaker Jobs | Bathinda +50km,property dealer,MISC-JUNK
